cycle	file	url	analyte	variable	unit	weight	scale	assay_lot	confidence	notes
1999-2000	DEMO	https://wwwn.cdc.gov/Nchs/Data/Nhanes/Public/1999/DataFiles/DEMO.XPT	(demographics)	SEQN;RIAGENDR;RIDAGEYR;SDMVSTRA;SDMVPSU (design vars optional)		WTMEC4YR			high	age topcoded at 85; WTMEC4YR is read from here for the MEC-examined analytes. DEMO is the 1999-2000 demographics basename; age topcoded at 85 for 1999-2006. Unverified against CDC from this environment.
2001-2002	DEMO_B	https://wwwn.cdc.gov/Nchs/Data/Nhanes/Public/2001/DataFiles/DEMO_B.XPT	(demographics)	SEQN;RIAGENDR;RIDAGEYR;SDMVSTRA;SDMVPSU (design vars optional)		WTMEC4YR			high	age topcoded at 85; WTMEC4YR is read from here for the MEC-examined analytes. '_B' is the 2001-2002 suffix convention; age topcoded at 85 for 1999-2006. Unverified against CDC from this environment.
1999-2000	LAB11	https://wwwn.cdc.gov/Nchs/Data/Nhanes/Public/1999/DataFiles/LAB11.XPT	CRP	LBXCRP	mg/dL	WTMEC4YR	Log10	CRP_mgdL_latex_nephelometry_1999_2010	medium	Right-skewed -> Log10; on the raw scale the Low branch of z->status is unreachable. Do NOT pool with the 2015+ hsCRP series: that is mg/L on a different assay, and there is NO CRP or hsCRP variable at all in 2011-2014, so a gap in the series is expected rather than a lost file. | declared: mechanistic_bridges.metta (Inheritance CRP Biomarker)
2001-2002	L11_B	https://wwwn.cdc.gov/Nchs/Data/Nhanes/Public/2001/DataFiles/L11_B.XPT	CRP	LBXCRP	mg/dL	WTMEC4YR	Log10	CRP_mgdL_latex_nephelometry_1999_2010	medium	Right-skewed -> Log10; on the raw scale the Low branch of z->status is unreachable. Do NOT pool with the 2015+ hsCRP series: that is mg/L on a different assay, and there is NO CRP or hsCRP variable at all in 2011-2014, so a gap in the series is expected rather than a lost file. | declared: mechanistic_bridges.metta (Inheritance CRP Biomarker)
1999-2000	LAB10	https://wwwn.cdc.gov/Nchs/Data/Nhanes/Public/1999/DataFiles/LAB10.XPT	HbA1c	LBXGH	percent	WTMEC4YR	Identity	HbA1c_Primus_CLC330_1999_2004	medium	Roughly symmetric -> Identity. Later cycles switched instrument (Tosoh 2.2 in 2005-2006, Tosoh G7 in 2007-2010); those carry different lot ids and will refuse to pool with these. | declared: mechanistic_bridges.metta (Inheritance HbA1c Biomarker)
2001-2002	L10_B	https://wwwn.cdc.gov/Nchs/Data/Nhanes/Public/2001/DataFiles/L10_B.XPT	HbA1c	LBXGH	percent	WTMEC4YR	Identity	HbA1c_Primus_CLC330_1999_2004	medium	Roughly symmetric -> Identity. Later cycles switched instrument (Tosoh 2.2 in 2005-2006, Tosoh G7 in 2007-2010); those carry different lot ids and will refuse to pool with these. | declared: mechanistic_bridges.metta (Inheritance HbA1c Biomarker)
1999-2000	LAB10AM	https://wwwn.cdc.gov/Nchs/Data/Nhanes/Public/1999/DataFiles/LAB10AM.XPT	FastingGlucose	LBXGLU	mg/dL	WTSAF4YR (read from this file, not DEMO)	Identity	Glucose_hexokinase_1999_2002	low	NEVER substitute LBXSGL (the biochemistry-profile glucose): CDC warns these are different assays on a different sample. A missing LBXGLU is an error, not a cue to look for something similar. | declared: mechanistic_bridges.metta (Inheritance FastingGlucose Biomarker)
2001-2002	L10AM_B	https://wwwn.cdc.gov/Nchs/Data/Nhanes/Public/2001/DataFiles/L10AM_B.XPT	FastingGlucose	LBXGLU	mg/dL	WTSAF4YR (read from this file, not DEMO)	Identity	Glucose_hexokinase_1999_2002	low	NEVER substitute LBXSGL (the biochemistry-profile glucose): CDC warns these are different assays on a different sample. A missing LBXGLU is an error, not a cue to look for something similar. | declared: mechanistic_bridges.metta (Inheritance FastingGlucose Biomarker)
1999-2000	SSCYST_A	https://wwwn.cdc.gov/Nchs/Data/Nhanes/Public/1999/DataFiles/SSCYST_A.XPT	PlasmaCystatinC	SSCYPC	mg/L	WTSCY4YR (read from this file, not DEMO)	Identity	CystatinC_preIFCC_1999_2002	low	THE ELIGIBLE SAMPLE IS NOT NATIONALLY REPRESENTATIVE: cystatin C was assayed on stored surplus sera, so WTSCY4YR reweights an availability-determined subset. Treat the emitted moments as subsample descriptive statistics, not US population reference values. Surplus-sera files may also sit under a different CDC path than the URL pattern used here. | declared: grim_age_core.metta (Inheritance PlasmaCystatinC PlasmaProteinBiomarker)
2001-2002	SSCYST_B	https://wwwn.cdc.gov/Nchs/Data/Nhanes/Public/2001/DataFiles/SSCYST_B.XPT	PlasmaCystatinC	SSCYPC	mg/L	WTSCY4YR (read from this file, not DEMO)	Identity	CystatinC_preIFCC_1999_2002	low	THE ELIGIBLE SAMPLE IS NOT NATIONALLY REPRESENTATIVE: cystatin C was assayed on stored surplus sera, so WTSCY4YR reweights an availability-determined subset. Treat the emitted moments as subsample descriptive statistics, not US population reference values. Surplus-sera files may also sit under a different CDC path than the URL pattern used here. | declared: grim_age_core.metta (Inheritance PlasmaCystatinC PlasmaProteinBiomarker)
1999-2000	LAB13AM	https://wwwn.cdc.gov/Nchs/Data/Nhanes/Public/1999/DataFiles/LAB13AM.XPT	Triglycerides	LBXTR	mg/dL	WTSAF4YR (read from this file, not DEMO)	Log10	unverified	low	symbol undeclared, not emitted
2001-2002	L13AM_B	https://wwwn.cdc.gov/Nchs/Data/Nhanes/Public/2001/DataFiles/L13AM_B.XPT	Triglycerides	LBXTR	mg/dL	WTSAF4YR (read from this file, not DEMO)	Log10	unverified	low	symbol undeclared, not emitted
1999-2000	LAB13	https://wwwn.cdc.gov/Nchs/Data/Nhanes/Public/1999/DataFiles/LAB13.XPT	TotalCholesterol	LBXTC	mg/dL	WTMEC4YR	Identity	unverified	low	symbol undeclared, not emitted
2001-2002	L13_B	https://wwwn.cdc.gov/Nchs/Data/Nhanes/Public/2001/DataFiles/L13_B.XPT	TotalCholesterol	LBXTC	mg/dL	WTMEC4YR	Identity	unverified	low	symbol undeclared, not emitted
1999-2000	LAB13	https://wwwn.cdc.gov/Nchs/Data/Nhanes/Public/1999/DataFiles/LAB13.XPT	HDLCholesterol	LBDHDL	mg/dL	WTMEC4YR	Identity	unverified	low	symbol undeclared, not emitted
2001-2002	L13_B	https://wwwn.cdc.gov/Nchs/Data/Nhanes/Public/2001/DataFiles/L13_B.XPT	HDLCholesterol	LBDHDL	mg/dL	WTMEC4YR	Identity	unverified	low	symbol undeclared, not emitted
1999-2000	LAB18	https://wwwn.cdc.gov/Nchs/Data/Nhanes/Public/1999/DataFiles/LAB18.XPT	SerumCreatinine	LBXSCR	mg/dL	WTMEC4YR	Identity	Creatinine_1999_2000_uncorrected	low	symbol undeclared, not emitted; 1999-2000 vs 2001-2002 assay lots differ, so these two cycles would refuse to pool
2001-2002	L40_B	https://wwwn.cdc.gov/Nchs/Data/Nhanes/Public/2001/DataFiles/L40_B.XPT	SerumCreatinine	LBXSCR	mg/dL	WTMEC4YR	Identity	Creatinine_2001_2002	low	symbol undeclared, not emitted; 1999-2000 vs 2001-2002 assay lots differ, so these two cycles would refuse to pool
1999-2000	LAB10AM	https://wwwn.cdc.gov/Nchs/Data/Nhanes/Public/1999/DataFiles/LAB10AM.XPT	SerumInsulin	LBXIN	uU/mL	WTSAF4YR (read from this file, not DEMO)	Log10	unverified	low	symbol undeclared, not emitted
2001-2002	L10AM_B	https://wwwn.cdc.gov/Nchs/Data/Nhanes/Public/2001/DataFiles/L10AM_B.XPT	SerumInsulin	LBXIN	uU/mL	WTSAF4YR (read from this file, not DEMO)	Log10	unverified	low	symbol undeclared, not emitted
